id;language_name;difficulty;libraries;extensions;supported_IDE;specialized_IDE;speed;memory;usage
1;Python;easy;many;many;many;yes;low;high;Data Science (machine learning, анализ данных), веб-разработка (Django, Flask), скриптинг и автоматизаци€.
2;Java;medium;many;many;many;yes;average;average;¬еб-приложени€ (серверна€ сторона, большие enterprise приложени€), Android-разработка, Big Data (обработка больших данных).
3;JavaScript;easy;many;many;many;no;low;high;¬еб-разработка frontend (React, Angular, Vue.js), веб-разработка backend (Node.js), разработка мобильных приложений (React Native).
4;C++;hard;many;many;average;yes;high;low;–азработка игр, высокопроизводительные вычислени€, системное программирование.
5;C#;medium;many;many;many;yes;high;average;–азработка игр (Unity), разработка веб-приложений (.NET), разработка desktop приложений (.NET).
6;TypeScript;medium;average;average;many;yes;low;average;¬еб-разработка frontend (React, Angular, Vue.js), разработка крупных веб-приложений, backend разработка с Node.js (в меньшей степени).
7;C;hard;many;many;average;yes;high;low;—истемное программирование, встраиваемые системы, разработка драйверов.
8;Go;medium;average;many;many;yes;high;average;¬еб-разработка (backend, микросервисы), разработка инструментов DevOps, инфраструктурное ѕќ.
9;PHP;easy;average;average;average;yes;low;average;¬еб-разработка (backend, CMS, WordPress), разработка веб-приложений, интеграци€ систем.
10;Swift;medium;average;average;many;yes;high;average;–азработка iOS-приложений, разработка macOS-приложений, разработка watchOS-приложений.
11;SQL;easy;many;few;few;no;none;none;”правление базами данных (все области, где используютс€ базы данных), data warehousing, ETL-процессы.
12;Ruby;medium;average;average;average;no;low;high;¬еб-разработка (Ruby on Rails), DevOps, скриптинг.
13;Kotlin;medium;average;many;many;yes;average;average;Android-разработка, веб-разработка (backend, Spring Boot), многоплатформенна€ разработка (JVM).
14;Dart;medium;average;average;many;no;average;average;–азработка мобильных приложений (Flutter), веб-разработка, desktop разработка (Flutter).
15;Rust;hard;many;many;many;yes;high;low;—истемное программирование, веб-разработка (backend), разработка высоконадежных систем.
